Workbook

Sheet Read me
A1: RailFlow demo working timetable — Shivneri Junction (SVNJ), fictional
A3: What this is
A4: A station working timetable in Indian Railways layout. Upload it in RailFlow (Scenario → Upload timetable) and press “Check as scheduled”.
A5: “Timetable as scheduled” has exactly 3 planted platform conflicts; “Timetable conflict-free” is the same 30 trains with three PFs corrected (see “Answer key”).
A7: Indian Railways conventions used
A8: Train No.: 5 digits. 12xxx = Superfast (SF) · 11xxx = Mail/Express (MEX) · 51xxx = Passenger (PAS) · 61xxx = MEMU. Goods paths use GDS-nnnn.
A9: Type and precedence: SF (1) > MEX (2) > PAS and MEMU (3) > GDS (4). The planner holds lower-precedence trains first.
A10: Times: 24-hour (hh:mm). Halt (min) = Dep − Arr. All services are through trains halting at SVNJ; originating/terminating rakes are out of scope.
A11: Dir: DN / UP. From / To: 4-letter station codes (all fictional). Days of run: Daily, or day codes Mon Tue Wed Thu Fri Sat Sun.
A12: PF: platform number 1–5. A train may use a PF only if the PF is long enough for its coaches (Station sheet). MEMU use the bay PF 5; goods use the loop at PF 4.
A13: Platform clearance: a PF stays blocked for MinClearance minutes after each departure (named cell on the Station sheet).
A14: Goods: rake length is in wagons and is checked against the goods-loop capacity (wagons), never against coach length.
... A21: All data is fictional: station, codes, names and numbers are invented for the demo. Any match to a real service is coincidental; no real timetable data is used.

Sheet Station
A1: Station — Shivneri Junction (SVNJ), fictional
A3: Station code | B3: SVNJ
A4: Minimum platform clearance (min) | B4: 5
A5: Maximum hold (min) | B5: 45
A8: PF | B8: Length (coaches) | C8: Goods loop (wagons) | D8: Use | E8: Names RailFlow understands (EN · हिं · मर)
A9: 1 | B9: 26 | C9: 0 | D9: main line · long-distance | E9: 1, PF 1, PF-1, platform 1, platform no. 1, प्लेटफॉर्म 1, प्लेटफॉर्म नंबर 1, प्लॅटफॉर्म 1, फलाट 1
A10: 2 | B10: 26 | C10: 0 | D10: main line · long-distance | E10: 2, PF 2, PF-2, platform 2, platform no. 2, प्लेटफॉर्म 2, प्लेटफॉर्म नंबर 2, प्लॅटफॉर्म 2, फलाट 2
A11: 3 | B11: 24 | C11: 0 | D11: main line | E11: 3, PF 3, PF-3, platform 3, platform no. 3, प्लेटफॉर्म 3, प्लेटफॉर्म नंबर 3, प्लॅटफॉर्म 3, फलाट 3
A12: 4 | B12: 24 | C12: 60 | D12: main line + goods loop | E12: 4, PF 4, PF-4, platform 4, platform no. 4, प्लेटफॉर्म 4, प्लेटफॉर्म नंबर 4, प्लॅटफॉर्म 4, फलाट 4
A13: 5 | B13: 12 | C13: 0 | D13: bay · MEMU only | E13: 5, PF 5, PF-5, platform 5, platform no. 5, प्लेटफॉर्म 5, प्लेटफॉर्म नंबर 5, प्लॅटफॉर्म 5, फलाट 5

Sheet Timetable as scheduled
A1: Train No. | B1: Train Name | C1: Type | D1: From | E1: To | F1: Dir | G1: Arr | H1: Dep | I1: Halt (min) | J1: Sch. PF | K1: Req. PF | L1: Allowed PFs | M1: Coaches | N1: Wagons | O1: Days of run | P1: Priority
A2: 11101 | B2: Ghatmatha Express (fictional) | C2: MEX | D2: BMGD | E2: DGWD | F2: DN | G2: 0.50347222 | H2: 0.51041667 | I2: =ROUND((H2-G2)*1440,0) -> 10 | J2: 1 | L2: 1,2,3,4 | M2: 24 | O2: Daily | P2: 2
A3: 51102 | B3: Mula Passenger (fictional) | C3: PAS | D3: HRGD | E3: EKLN | F3: UP | G3: 0.50694444 | H3: 0.51944444 | I3: =ROUND((H3-G3)*1440,0) -> 18 | J3: 2 | L3: 1,2,3,4 | M3: 18 | O3: Daily | P3: 3
A4: 61103 | B4: Pavana MEMU (fictional) | C4: MEMU | D4: PVNG | E4: SVNJ | F4: DN | G4: 0.51041667 | H4: 0.51736111 | I4: =ROUND((H4-G4)*1440,0) -> 10 | J4: 5 | K4: 5 | L4: 5 | M4: 12 | O4: Daily | P4: 3
A5: 11104 | B5: Deccan Ridge Express (fictional) | C5: MEX | D5: DGWD | E5: BMGD | F5: UP | G5: 0.52083333 | H5: 0.52916667 | I5: =ROUND((H5-G5)*1440,0) -> 12 | J5: 3 | L5: 1,2,3,4 | M5: 24 | O5: Daily | P5: 2
A6: GDS-4105 | B6: Plateau Goods (BCN rake) (fictional) | C6: GDS | D6: KLGT | E6: NRGD | F6: DN | G6: 0.52777778 | H6: 0.53819444 | I6: =ROUND((H6-G6)*1440,0) -> 15 | J6: 4 | L6: 4 | N6: 58 | O6: Daily | P6: 4
A7: 12201 | B7: Sahyadri Crest SF Express (fictional) | C7: SF | D7: AMBP | E7: CNDP | F7: DN | G7: 0.54513889 | H7: 0.55208333 | I7: =ROUND((H7-G7)*1440,0) -> 10 | J7: 1 | L7: 1,2 | M7: 26 | O7: Daily | P7: 1
A8: 51210 | B8: Indrayani Valley Passenger (fictional) | C8: PAS | D8: HRGD | E8: EKLN | F8: UP | G8: 0.54861111 | H8: 0.5625 | I8: =ROUND((H8-G8)*1440,0) -> 20 | J8: 2 | L8: 1,2,3,4 | M8: 18 | O8: Daily | P8: 3
A9: 61305 | B9: Pavana MEMU (fictional) | C9: MEMU | D9: PVNG | E9: SVNJ | F9: DN | G9: 0.55555556 | H9: 0.5625 | I9: =ROUND((H9-G9)*1440,0) -> 10 | J9: 5 | K9: 5 | L9: 5 | M9: 12 | O9: Daily | P9: 3
A10: 11214 | B10: Konkan Gate Express (fictional) | C10: MEX | D10: DGWD | E10: BMGD | F10: UP | G10: 0.56944444 | H10: 0.57986111 | I10: =ROUND((H10-G10)*1440,0) -> 15 | J10: 1 | L10: 1,2,3,4 | M10: 24 | O10: Daily | P10: 2
A11: 61307 | B11: Pavana MEMU (fictional) | C11: MEMU | D11: PVNG | E11: SVNJ | F11: DN | G11: 0.57291667 | H11: 0.57986111 | I11: =ROUND((H11-G11)*1440,0) -> 10 | J11: 5 | K11: 5 | L11: 5 | M11: 12 | O11: Daily | P11: 3
A12: 11216 | B12: Bhimashankar Express (fictional) | C12: MEX | D12: DGWD | E12: BMGD | F12: UP | G12: 0.58194444 | H12: 0.58888889 | I12: =ROUND((H12-G12)*1440,0) -> 10 | J12: 1 | L12: 1,2,3,4 | M12: 24 | O12: Daily | P12: 2
A13: 51218 | B13: Mula Passenger (fictional) | C13: PAS | D13: HRGD | E13: EKLN | F13: UP | G13: 0.58333333 | H13: 0.59722222 | I13: =ROUND((H13-G13)*1440,0) -> 20 | J13: 2 | L13: 1,2,3,4 | M13: 18 | O13: Daily | P13: 3
A14: 11209 | B14: Shivneri Fort Express (fictional) | C14: MEX | D14: BMGD | E14: DGWD | F14: DN | G14: 0.58472222 | H14: 0.59166667 | I14: =ROUND((H14-G14)*1440,0) -> 10 | J14: 3 | L14: 1,2,3,4 | M14: 24 | O14: Daily | P14: 2
A15: 61311 | B15: Pavana MEMU (fictional) | C15: MEMU | D15: PVNG | E15: SVNJ | F15: DN | G15: 0.58680556 | H15: 0.59375 | I15: =ROUND((H15-G15)*1440,0) -> 10 | J15: 5 | K15: 5 | L15: 5 | M15: 12 | O15: Daily | P15: 3
A16: 51219 | B16: Nira Passenger (fictional) | C16: PAS | D16: EKLN | E16: HRGD | F16: DN | G16: 0.59861111 | H16: 0.60208333 | I16: =ROUND((H16-G16)*1440,0) -> 5 | J16: 2 | L16: 1,2,3,4 | M16: 18 | O16: Daily | P16: 3
A17: 51214 | B17: Godavari Link Passenger (fictional) | C17: PAS | D17: HRGD | E17: EKLN | F17: UP | G17: 0.60069444 | H17: 0.61111111 | I17: =ROUND((H17-G17)*1440,0) -> 15 | J17: 4 | L17: 1,2,3,4 | M17: 18 | O17: Daily | P17: 3
A18: 12222 | B18: Deccan Ridge Express (fictional) | C18: SF | D18: CNDP | E18: AMBP | F18: UP | G18: 0.60416667 | H18: 0.6125 | I18: =ROUND((H18-G18)*1440,0) -> 12 | J18: 1 | L18: 1,2 | M18: 26 | O18: Daily | P18: 1
A19: 51215 | B19: Krishna Passenger (fictional) | C19: PAS | D19: EKLN | E19: HRGD | F19: DN | G19: 0.60763889 | H19: 0.61458333 | I19: =ROUND((H19-G19)*1440,0) -> 10 | J19: 4 | L19: 1,2,3,4 | M19: 18 | O19: Daily | P19: 3
A20: 11217 | B20: Ghatmatha Express (fictional) | C20: MEX | D20: BMGD | E20: DGWD | F20: DN | G20: 0.61805556 | H20: 0.62638889 | I20: =ROUND((H20-G20)*1440,0) -> 12 | J20: 3 | L20: 1,2,3,4 | M20: 24 | O20: Daily | P20: 2
A21: 61317 | B21: Pavana MEMU (fictional) | C21: MEMU | D21: PVNG | E21: SVNJ | F21: DN | G21: 0.625 | H21: 0.63194444 | I21: =ROUND((H21-G21)*1440,0) -> 10 | J21: 5 | K21: 5 | L21: 5 | M21: 12 | O21: Daily | P21: 3
A22: 51226 | B22: Indrayani Valley Passenger (fictional) | C22: PAS | D22: HRGD | E22: EKLN | F22: UP | G22: 0.62847222 | H22: 0.64236111 | I22: =ROUND((H22-G22)*1440,0) -> 20 | J22: 2 | L22: 1,2,3,4 | M22: 18 | O22: Daily | P22: 3
A23: 12230 | B23: Sahyadri Crest SF Express (fictional) | C23: SF | D23: CNDP | E23: AMBP | F23: UP | G23: 0.63541667 | H23: 0.64444444 | I23: =ROUND((H23-G23)*1440,0) -> 13 | J23: 1 | L23: 1,2 | M23: 26 | O23: Daily | P23: 1
A24: 51222 | B24: Godavari Link Passenger (fictional) | C24: PAS | D24: HRGD | E24: EKLN | F24: UP | G24: 0.63541667 | H24: 0.64583333 | I24: =ROUND((H24-G24)*1440,0) -> 15 | J24: 4 | L24: 1,2,3,4 | M24: 18 | O24: Daily | P24: 3
A25: 11225 | B25: Konkan Gate Express (fictional) | C25: MEX | D25: BMGD | E25: DGWD | F25: DN | G25: 0.65277778 | H25: 0.66111111 | I25: =ROUND((H25-G25)*1440,0) -> 12 | J25: 3 | L25: 1,2,3,4 | M25: 24 | O25: Daily | P25: 2
A26: 12233 | B26: Bhimashankar Express (fictional) | C26: SF | D26: AMBP | E26: CNDP | F26: DN | G26: 0.67013889 | H26: 0.67847222 | I26: =ROUND((H26-G26)*1440,0) -> 12 | J26: 1 | L26: 1,2 | M26: 26 | O26: Daily | P26: 1
A27: 51234 | B27: Nira Passenger (fictional) | C27: PAS | D27: HRGD | E27: EKLN | F27: UP | G27: 0.67361111 | H27: 0.6875 | I27: =ROUND((H27-G27)*1440,0) -> 20 | J27: 2 | L27: 1,2,3,4 | M27: 18 | O27: Daily | P27: 3
A28: 61321 | B28: Pavana MEMU (fictional) | C28: MEMU | D28: PVNG | E28: SVNJ | F28: DN | G28: 0.67708333 | H28: 0.68402778 | I28: =ROUND((H28-G28)*1440,0) -> 10 | J28: 5 | K28: 5 | L28: 5 | M28: 12 | O28: Daily | P28: 3
A29: 11236 | B29: Shivneri Fort Express (fictional) | C29: MEX | D29: DGWD | E29: BMGD | F29: UP | G29: 0.69097222 | H29: 0.69930556 | I29: =ROUND((H29-G29)*1440,0) -> 12 | J29: 3 | L29: 1,2,3,4 | M29: 24 | O29: Daily | P29: 2
A30: GDS-4237 | B30: Plateau Goods (BCN rake) (fictional) | C30: GDS | D30: KLGT | E30: NRGD | F30: DN | G30: 0.69444444 | H30: 0.70486111 | I30: =ROUND((H30-G30)*1440,0) -> 15 | J30: 4 | L30: 4 | N30: 58 | O30: Daily | P30: 4
A31: 61325 | B31: Pavana MEMU (fictional) | C31: MEMU | D31: PVNG | E31: SVNJ | F31: DN | G31: 0.69791667 | H31: 0.70486111 | I31: =ROUND((H31-G31)*1440,0) -> 10 | J31: 5 | K31: 5 | L31: 5 | M31: 12 | O31: Daily | P31: 3
A33: Trains | C33: =COUNTA(A2:A31) -> 30
A34: Shortest halt (min) | C34: =MIN(I2:I31) -> 5
A35: Longest halt (min) | C35: =MAX(I2:I31) -> 20
A36: Superfast | C36: =COUNTIF(C2:C31,"SF") -> 4
A37: Mail/Express | C37: =COUNTIF(C2:C31,"MEX") -> 8
A38: Passenger | C38: =COUNTIF(C2:C31,"PAS") -> 9
A39: MEMU | C39: =COUNTIF(C2:C31,"MEMU") -> 7
A40: Goods | C40: =COUNTIF(C2:C31,"GDS") -> 2

Sheet Timetable conflict-free
A1: Train No. | B1: Train Name | C1: Type | D1: From | E1: To | F1: Dir | G1: Arr | H1: Dep | I1: Halt (min) | J1: Sch. PF | K1: Req. PF | L1: Allowed PFs | M1: Coaches | N1: Wagons | O1: Days of run | P1: Priority
A2: 11101 | B2: Ghatmatha Express (fictional) | C2: MEX | D2: BMGD | E2: DGWD | F2: DN | G2: 0.50347222 | H2: 0.51041667 | I2: =ROUND((H2-G2)*1440,0) -> 10 | J2: 1 | L2: 1,2,3,4 | M2: 24 | O2: Daily | P2: 2
A3: 51102 | B3: Mula Passenger (fictional) | C3: PAS | D3: HRGD | E3: EKLN | F3: UP | G3: 0.50694444 | H3: 0.51944444 | I3: =ROUND((H3-G3)*1440,0) -> 18 | J3: 2 | L3: 1,2,3,4 | M3: 18 | O3: Daily | P3: 3
A4: 61103 | B4: Pavana MEMU (fictional) | C4: MEMU | D4: PVNG | E4: SVNJ | F4: DN | G4: 0.51041667 | H4: 0.51736111 | I4: =ROUND((H4-G4)*1440,0) -> 10 | J4: 5 | K4: 5 | L4: 5 | M4: 12 | O4: Daily | P4: 3
A5: 11104 | B5: Deccan Ridge Express (fictional) | C5: MEX | D5: DGWD | E5: BMGD | F5: UP | G5: 0.52083333 | H5: 0.52916667 | I5: =ROUND((H5-G5)*1440,0) -> 12 | J5: 3 | L5: 1,2,3,4 | M5: 24 | O5: Daily | P5: 2
A6: GDS-4105 | B6: Plateau Goods (BCN rake) (fictional) | C6: GDS | D6: KLGT | E6: NRGD | F6: DN | G6: 0.52777778 | H6: 0.53819444 | I6: =ROUND((H6-G6)*1440,0) -> 15 | J6: 4 | L6: 4 | N6: 58 | O6: Daily | P6: 4
A7: 12201 | B7: Sahyadri Crest SF Express (fictional) | C7: SF | D7: AMBP | E7: CNDP | F7: DN | G7: 0.54513889 | H7: 0.55208333 | I7: =ROUND((H7-G7)*1440,0) -> 10 | J7: 1 | L7: 1,2 | M7: 26 | O7: Daily | P7: 1
A8: 51210 | B8: Indrayani Valley Passenger (fictional) | C8: PAS | D8: HRGD | E8: EKLN | F8: UP | G8: 0.54861111 | H8: 0.5625 | I8: =ROUND((H8-G8)*1440,0) -> 20 | J8: 2 | L8: 1,2,3,4 | M8: 18 | O8: Daily | P8: 3
A9: 61305 | B9: Pavana MEMU (fictional) | C9: MEMU | D9: PVNG | E9: SVNJ | F9: DN | G9: 0.55555556 | H9: 0.5625 | I9: =ROUND((H9-G9)*1440,0) -> 10 | J9: 5 | K9: 5 | L9: 5 | M9: 12 | O9: Daily | P9: 3
A10: 11214 | B10: Konkan Gate Express (fictional) | C10: MEX | D10: DGWD | E10: BMGD | F10: UP | G10: 0.56944444 | H10: 0.57986111 | I10: =ROUND((H10-G10)*1440,0) -> 15 | J10: 1 | L10: 1,2,3,4 | M10: 24 | O10: Daily | P10: 2
A11: 61307 | B11: Pavana MEMU (fictional) | C11: MEMU | D11: PVNG | E11: SVNJ | F11: DN | G11: 0.57291667 | H11: 0.57986111 | I11: =ROUND((H11-G11)*1440,0) -> 10 | J11: 5 | K11: 5 | L11: 5 | M11: 12 | O11: Daily | P11: 3
A12: 11216 | B12: Bhimashankar Express (fictional) | C12: MEX | D12: DGWD | E12: BMGD | F12: UP | G12: 0.58194444 | H12: 0.58888889 | I12: =ROUND((H12-G12)*1440,0) -> 10 | J12: 4 | L12: 1,2,3,4 | M12: 24 | O12: Daily | P12: 2
A13: 51218 | B13: Mula Passenger (fictional) | C13: PAS | D13: HRGD | E13: EKLN | F13: UP | G13: 0.58333333 | H13: 0.59722222 | I13: =ROUND((H13-G13)*1440,0) -> 20 | J13: 2 | L13: 1,2,3,4 | M13: 18 | O13: Daily | P13: 3
A14: 11209 | B14: Shivneri Fort Express (fictional) | C14: MEX | D14: BMGD | E14: DGWD | F14: DN | G14: 0.58472222 | H14: 0.59166667 | I14: =ROUND((H14-G14)*1440,0) -> 10 | J14: 3 | L14: 1,2,3,4 | M14: 24 | O14: Daily | P14: 2
A15: 61311 | B15: Pavana MEMU (fictional) | C15: MEMU | D15: PVNG | E15: SVNJ | F15: DN | G15: 0.58680556 | H15: 0.59375 | I15: =ROUND((H15-G15)*1440,0) -> 10 | J15: 5 | K15: 5 | L15: 5 | M15: 12 | O15: Daily | P15: 3
A16: 51219 | B16: Nira Passenger (fictional) | C16: PAS | D16: EKLN | E16: HRGD | F16: DN | G16: 0.59861111 | H16: 0.60208333 | I16: =ROUND((H16-G16)*1440,0) -> 5 | J16: 3 | L16: 1,2,3,4 | M16: 18 | O16: Daily | P16: 3
A17: 51214 | B17: Godavari Link Passenger (fictional) | C17: PAS | D17: HRGD | E17: EKLN | F17: UP | G17: 0.60069444 | H17: 0.61111111 | I17: =ROUND((H17-G17)*1440,0) -> 15 | J17: 4 | L17: 1,2,3,4 | M17: 18 | O17: Daily | P17: 3
A18: 12222 | B18: Deccan Ridge Express (fictional) | C18: SF | D18: CNDP | E18: AMBP | F18: UP | G18: 0.60416667 | H18: 0.6125 | I18: =ROUND((H18-G18)*1440,0) -> 12 | J18: 1 | L18: 1,2 | M18: 26 | O18: Daily | P18: 1
A19: 51215 | B19: Krishna Passenger (fictional) | C19: PAS | D19: EKLN | E19: HRGD | F19: DN | G19: 0.60763889 | H19: 0.61458333 | I19: =ROUND((H19-G19)*1440,0) -> 10 | J19: 2 | L19: 1,2,3,4 | M19: 18 | O19: Daily | P19: 3
A20: 11217 | B20: Ghatmatha Express (fictional) | C20: MEX | D20: BMGD | E20: DGWD | F20: DN | G20: 0.61805556 | H20: 0.62638889 | I20: =ROUND((H20-G20)*1440,0) -> 12 | J20: 3 | L20: 1,2,3,4 | M20: 24 | O20: Daily | P20: 2
A21: 61317 | B21: Pavana MEMU (fictional) | C21: MEMU | D21: PVNG | E21: SVNJ | F21: DN | G21: 0.625 | H21: 0.63194444 | I21: =ROUND((H21-G21)*1440,0) -> 10 | J21: 5 | K21: 5 | L21: 5 | M21: 12 | O21: Daily | P21: 3
A22: 51226 | B22: Indrayani Valley Passenger (fictional) | C22: PAS | D22: HRGD | E22: EKLN | F22: UP | G22: 0.62847222 | H22: 0.64236111 | I22: =ROUND((H22-G22)*1440,0) -> 20 | J22: 2 | L22: 1,2,3,4 | M22: 18 | O22: Daily | P22: 3
A23: 12230 | B23: Sahyadri Crest SF Express (fictional) | C23: SF | D23: CNDP | E23: AMBP | F23: UP | G23: 0.63541667 | H23: 0.64444444 | I23: =ROUND((H23-G23)*1440,0) -> 13 | J23: 1 | L23: 1,2 | M23: 26 | O23: Daily | P23: 1
A24: 51222 | B24: Godavari Link Passenger (fictional) | C24: PAS | D24: HRGD | E24: EKLN | F24: UP | G24: 0.63541667 | H24: 0.64583333 | I24: =ROUND((H24-G24)*1440,0) -> 15 | J24: 4 | L24: 1,2,3,4 | M24: 18 | O24: Daily | P24: 3
A25: 11225 | B25: Konkan Gate Express (fictional) | C25: MEX | D25: BMGD | E25: DGWD | F25: DN | G25: 0.65277778 | H25: 0.66111111 | I25: =ROUND((H25-G25)*1440,0) -> 12 | J25: 3 | L25: 1,2,3,4 | M25: 24 | O25: Daily | P25: 2
A26: 12233 | B26: Bhimashankar Express (fictional) | C26: SF | D26: AMBP | E26: CNDP | F26: DN | G26: 0.67013889 | H26: 0.67847222 | I26: =ROUND((H26-G26)*1440,0) -> 12 | J26: 1 | L26: 1,2 | M26: 26 | O26: Daily | P26: 1
A27: 51234 | B27: Nira Passenger (fictional) | C27: PAS | D27: HRGD | E27: EKLN | F27: UP | G27: 0.67361111 | H27: 0.6875 | I27: =ROUND((H27-G27)*1440,0) -> 20 | J27: 2 | L27: 1,2,3,4 | M27: 18 | O27: Daily | P27: 3
A28: 61321 | B28: Pavana MEMU (fictional) | C28: MEMU | D28: PVNG | E28: SVNJ | F28: DN | G28: 0.67708333 | H28: 0.68402778 | I28: =ROUND((H28-G28)*1440,0) -> 10 | J28: 5 | K28: 5 | L28: 5 | M28: 12 | O28: Daily | P28: 3
A29: 11236 | B29: Shivneri Fort Express (fictional) | C29: MEX | D29: DGWD | E29: BMGD | F29: UP | G29: 0.69097222 | H29: 0.69930556 | I29: =ROUND((H29-G29)*1440,0) -> 12 | J29: 3 | L29: 1,2,3,4 | M29: 24 | O29: Daily | P29: 2
A30: GDS-4237 | B30: Plateau Goods (BCN rake) (fictional) | C30: GDS | D30: KLGT | E30: NRGD | F30: DN | G30: 0.69444444 | H30: 0.70486111 | I30: =ROUND((H30-G30)*1440,0) -> 15 | J30: 4 | L30: 4 | N30: 58 | O30: Daily | P30: 4
A31: 61325 | B31: Pavana MEMU (fictional) | C31: MEMU | D31: PVNG | E31: SVNJ | F31: DN | G31: 0.69791667 | H31: 0.70486111 | I31: =ROUND((H31-G31)*1440,0) -> 10 | J31: 5 | K31: 5 | L31: 5 | M31: 12 | O31: Daily | P31: 3
A33: Trains | C33: =COUNTA(A2:A31) -> 30
A34: Shortest halt (min) | C34: =MIN(I2:I31) -> 5
A35: Longest halt (min) | C35: =MAX(I2:I31) -> 20
A36: Superfast | C36: =COUNTIF(C2:C31,"SF") -> 4
A37: Mail/Express | C37: =COUNTIF(C2:C31,"MEX") -> 8
A38: Passenger | C38: =COUNTIF(C2:C31,"PAS") -> 9
A39: MEMU | C39: =COUNTIF(C2:C31,"MEMU") -> 7
A40: Goods | C40: =COUNTIF(C2:C31,"GDS") -> 2

Sheet Answer key
A1: Expected conflicts in “Timetable as scheduled”
A2: All values are formulas over the timetable and the named cell MinClearance. RailFlow's validator must report the same three pairs and the same three measures.
A3: Actual stay overlap = time both trains are at the PF. Clearance shortfall = minutes missing from the required gap (only when stays do not overlap). Reserved-interval overlap = overlap of [arr, dep + clearance) — the quantity the planner and validator use for feasibility.
A5: Rule | B5: PF | C5: Earlier train | D5: Later train | E5: Earlier arr | F5: Earlier dep | G5: Later arr | H5: Later dep | I5: Clearance (min) | J5: Actual stay overlap (min) | K5: Clearance shortfall (min) | L5: Reserved-interval overlap (min) | M5: RailFlow should show
A6: GAP_VIOLATION | B6: 1 | C6: 11214 | D6: 11216 | E6: =INDEX('Timetable as scheduled'!$G$2:$G$31,MATCH(C6,'Timetable as scheduled'!$A$2:$A$31,0)) -> 0.56944444 | F6: =INDEX('Timetable as scheduled'!$H$2:$H$31,MATCH(C6,'Timetable as scheduled'!$A$2:$A$31,0)) -> 0.57986111 | G6: =INDEX('Timetable as scheduled'!$G$2:$G$31,MATCH(D6,'Timetable as scheduled'!$A$2:$A$31,0)) -> 0.58194444 | H6: =INDEX('Timetable as scheduled'!$H$2:$H$31,MATCH(D6,'Timetable as scheduled'!$A$2:$A$31,0)) -> 0.58888889 | I6: =MinClearance -> 5 | J6: =ROUND(MAX(0,MIN(F6,H6)-G6)*1440,0) -> 0 | K6: =IF(G6>=F6,ROUND((F6+I6/1440-G6)*1440,0),"—") -> 2 | L6: =ROUND((MIN(F6,H6)+I6/1440-G6)*1440,0) -> 2 | M6: =A6&" · PF "&B6&" · "&C6&" ↔ "&D6&IF(J6>0," · stays overlap "&J6&" min"," · clearance short by "&K6&" min")&" · reserved overlap "&L6&" min" -> GAP_VIOLATION · PF 1 · 11214 ↔ 11216 · clearance short by 2 min · reserved overlap 2 min
A7: GAP_VIOLATION | B7: 2 | C7: 51218 | D7: 51219 | E7: =INDEX('Timetable as scheduled'!$G$2:$G$31,MATCH(C7,'Timetable as scheduled'!$A$2:$A$31,0)) -> 0.58333333 | F7: =INDEX('Timetable as scheduled'!$H$2:$H$31,MATCH(C7,'Timetable as scheduled'!$A$2:$A$31,0)) -> 0.59722222 | G7: =INDEX('Timetable as scheduled'!$G$2:$G$31,MATCH(D7,'Timetable as scheduled'!$A$2:$A$31,0)) -> 0.59861111 | H7: =INDEX('Timetable as scheduled'!$H$2:$H$31,MATCH(D7,'Timetable as scheduled'!$A$2:$A$31,0)) -> 0.60208333 | I7: =MinClearance -> 5 | J7: =ROUND(MAX(0,MIN(F7,H7)-G7)*1440,0) -> 0 | K7: =IF(G7>=F7,ROUND((F7+I7/1440-G7)*1440,0),"—") -> 3 | L7: =ROUND((MIN(F7,H7)+I7/1440-G7)*1440,0) -> 3 | M7: =A7&" · PF "&B7&" · "&C7&" ↔ "&D7&IF(J7>0," · stays overlap "&J7&" min"," · clearance short by "&K7&" min")&" · reserved overlap "&L7&" min" -> GAP_VIOLATION · PF 2 · 51218 ↔ 51219 · clearance short by 3 min · reserved overlap 3 min
A8: OVERLAP | B8: 4 | C8: 51214 | D8: 51215 | E8: =INDEX('Timetable as scheduled'!$G$2:$G$31,MATCH(C8,'Timetable as scheduled'!$A$2:$A$31,0)) -> 0.60069444 | F8: =INDEX('Timetable as scheduled'!$H$2:$H$31,MATCH(C8,'Timetable as scheduled'!$A$2:$A$31,0)) -> 0.61111111 | G8: =INDEX('Timetable as scheduled'!$G$2:$G$31,MATCH(D8,'Timetable as scheduled'!$A$2:$A$31,0)) -> 0.60763889 | H8: =INDEX('Timetable as scheduled'!$H$2:$H$31,MATCH(D8,'Timetable as scheduled'!$A$2:$A$31,0)) -> 0.61458333 | I8: =MinClearance -> 5 | J8: =ROUND(MAX(0,MIN(F8,H8)-G8)*1440,0) -> 5 | K8: =IF(G8>=F8,ROUND((F8+I8/1440-G8)*1440,0),"—") -> — | L8: =ROUND((MIN(F8,H8)+I8/1440-G8)*1440,0) -> 10 | M8: =A8&" · PF "&B8&" · "&C8&" ↔ "&D8&IF(J8>0," · stays overlap "&J8&" min"," · clearance short by "&K8&" min")&" · reserved overlap "&L8&" min" -> OVERLAP · PF 4 · 51214 ↔ 51215 · stays overlap 5 min · reserved overlap 10 min
A10: Total conflicts | L10: =COUNT(L6:L8) -> 3

Sheet Demo script
A1: Step | B1: Scenario | C1: Do this | D1: Expect
A2: 1 | B2: S1 Normal | C2: Load “Timetable conflict-free”, press Assign platforms | D2: Validator green, 0 holds
A3: 2 | B3: S3 Conflicts | C3: Upload this workbook, pick “Timetable as scheduled”, press Check as scheduled | D3: 3 conflicts exactly as in Answer key
A4: 3 | B4: S2 Radio report (now = 13:50) | C4: Set now to 13:50, then play radio_s2_en.wav (or press Radio and play it) → transcript → Parse → Confirm | D4: Arrival delay 11209 +30 · closure PF 3 14:00–15:30 → affected 3 of 30 (11209, 51219, 11217); both objectives agree because the closure forces all three moves. At 14:05 the same message is rejected: 11209 is already at PF 3.
A5: 4 | B5: S4 Unknown | C5: Type “11299 delayed 20 min” | D5: Rejected: not in today’s timetable
A6: 5 | B6: S5 Fault | C6: Tick Inject planner fault, plan again | D6: Revision NOT VALID, Apply disabled
A7: 6 | B7: S6 Peak | C7: Load peak timetable, close PF 2 and PF 4 15:00–16:30 | D7: Some trains UNASSIGNED with reasons, plan still valid
A8: 7 | B8: S7 AI off | C8: Quit Ollama, repeat step 3 | D8: parser: regex · explainer: template · still works
A9: 7b | B9: S8 Cascade | C9: Load “Timetable conflict-free”, set now 14:10, enter “51218 held at PF 2, departure 25 min late” and “PF 3 closed 14:30 to 15:10” | D9: Affected 4 of 30 (51218, 51215, 51219, 11217), 26 unchanged. Min-delay: 2 moves, weighted delay 76. Min-changes: 1 move, weighted delay 136. Chain: 51218 departs late → 51215 waits 15 min on PF 2.
A10: — | B10: Radio transcript (EN) | C10: “Shivneri control, section controller here. Train 11209, Shivneri Fort Express, running 30 minutes late. Platform 3 shut, 14:00 to 15:30, for track inspection. Over.” | D10: Spoken as: train one one two zero nine … fourteen hundred to fifteen thirty
A11: — | B11: Radio transcript (हिं) | C11: “शिवनेरी कंट्रोल, गाड़ी संख्या 11209 तीस मिनट देरी से चल रही है। प्लेटफॉर्म 3 दो बजे से साढ़े तीन बजे तक बंद। ओवर।” | D11: Devanagari path (LLM parser)
